[{"Channel":"Microsoft-Windows-Sysmon\/Operational","EventID":"1","Image":"C:\\Windows\\System32\\wuauclt.exe","CommandLine":"\"cmd.exe\" \/c C:\\Windows\\System32\\wuauclt.exe \/UpdateDeploymentProvider C:\\ProgramData\\SimpleInjection.dll \/RunHandlerComServer","Signed":null,"SourceImage":null,"ImageLoaded":"C:\\Windows\\System32\\winhttp.dll","TargetFilename":null,"SourceProcessGuid":null,"ProcessGuid":null},{"Channel":"Microsoft-Windows-Sysmon\/Operational","EventID":"1","Image":"C:\\Windows\\System32\\wuauclt.exe","CommandLine":"C:\\Windows\\System32\\wuauclt.exe  \/UpdateDeploymentProvider C:\\ProgramData\\SimpleInjection.dll \/RunHandlerComServer","Signed":null,"SourceImage":null,"ImageLoaded":null,"TargetFilename":null,"SourceProcessGuid":null,"ProcessGuid":"{71b87c12-d9fe-5f84-1a01-000000000500}"},{"Channel":"Microsoft-Windows-Sysmon\/Operational","EventID":"1","Image":"C:\\Windows\\System32\\wuauclt.exe","CommandLine":"\"cmd.exe\" \/c C:\\Windows\\System32\\wuauclt.exe \/UpdateDeploymentProvider C:\\ProgramData\\SimpleInjection.dll \/RunHandlerComServer","Signed":null,"SourceImage":null,"ImageLoaded":"C:\\Windows\\assembly\\NativeImages_v4.0.30319_64\\System.Core\\9fa4d9c28359a124319f7913c56490e7\\System.Core.ni.dll","TargetFilename":null,"SourceProcessGuid":null,"ProcessGuid":"{71b87c12-d259-5f84-4800-000000000500}"},{"Channel":"Microsoft-Windows-Sysmon\/Operational","EventID":"1","Image":"C:\\Windows\\System32\\wuauclt.exe","CommandLine":"\"cmd.exe\" \/c C:\\Windows\\System32\\wuauclt.exe \/UpdateDeploymentProvider C:\\ProgramData\\SimpleInjection.dll \/RunHandlerComServer","Signed":null,"SourceImage":null,"ImageLoaded":null,"TargetFilename":null,"SourceProcessGuid":null,"ProcessGuid":null},{"Channel":"Microsoft-Windows-Sysmon\/Operational","EventID":"1","Image":"C:\\Windows\\System32\\wuauclt.exe","CommandLine":"\"cmd.exe\" \/c C:\\Windows\\System32\\wuauclt.exe \/UpdateDeploymentProvider C:\\ProgramData\\SimpleInjection.dll \/RunHandlerComServer","Signed":null,"SourceImage":null,"ImageLoaded":null,"TargetFilename":null,"SourceProcessGuid":null,"ProcessGuid":null},{"Channel":"Microsoft-Windows-Sysmon\/Operational","EventID":"1","Image":"C:\\Windows\\System32\\wuauclt.exe","CommandLine":"\"cmd.exe\" \/c C:\\Windows\\System32\\wuauclt.exe \/UpdateDeploymentProvider C:\\ProgramData\\SimpleInjection.dll \/RunHandlerComServer","Signed":null,"SourceImage":null,"ImageLoaded":null,"TargetFilename":null,"SourceProcessGuid":null,"ProcessGuid":null},{"Channel":"Microsoft-Windows-Sysmon\/Operational","EventID":"1","Image":"C:\\Windows\\System32\\wuauclt.exe","CommandLine":"\"cmd.exe\" \/c C:\\Windows\\System32\\wuauclt.exe \/UpdateDeploymentProvider C:\\ProgramData\\SimpleInjection.dll \/RunHandlerComServer","Signed":null,"SourceImage":null,"ImageLoaded":"C:\\Windows\\System32\\notepad.exe","TargetFilename":null,"SourceProcessGuid":null,"ProcessGuid":null},{"Channel":"Microsoft-Windows-Sysmon\/Operational","EventID":"1","Image":"C:\\Windows\\System32\\wuauclt.exe","CommandLine":"C:\\Windows\\System32\\wuauclt.exe  \/UpdateDeploymentProvider C:\\ProgramData\\SimpleInjection.dll \/RunHandlerComServer","Signed":null,"SourceImage":null,"ImageLoaded":null,"TargetFilename":null,"SourceProcessGuid":null,"ProcessGuid":"{71b87c12-d9fe-5f84-1801-000000000500}"},{"Channel":"Microsoft-Windows-Sysmon\/Operational","EventID":"1","Image":"C:\\Windows\\System32\\wuauclt.exe","CommandLine":"\"cmd.exe\" \/c C:\\Windows\\System32\\wuauclt.exe \/UpdateDeploymentProvider C:\\ProgramData\\SimpleInjection.dll \/RunHandlerComServer","Signed":null,"SourceImage":null,"ImageLoaded":"C:\\Windows\\System32\\winrnr.dll","TargetFilename":null,"SourceProcessGuid":null,"ProcessGuid":null},{"Channel":"Microsoft-Windows-Sysmon\/Operational","EventID":"1","Image":"C:\\Windows\\System32\\wuauclt.exe","CommandLine":"\"cmd.exe\" \/c C:\\Windows\\System32\\wuauclt.exe \/UpdateDeploymentProvider C:\\ProgramData\\SimpleInjection.dll \/RunHandlerComServer","Signed":null,"SourceImage":null,"ImageLoaded":"C:\\Windows\\System32\\KernelBase.dll","TargetFilename":null,"SourceProcessGuid":null,"ProcessGuid":null},{"Channel":"Microsoft-Windows-Sysmon\/Operational","EventID":"1","Image":"C:\\Windows\\System32\\wuauclt.exe","CommandLine":"C:\\Windows\\System32\\wuauclt.exe  \/UpdateDeploymentProvider C:\\ProgramData\\SimpleInjection.dll \/RunHandlerComServer","Signed":null,"SourceImage":null,"ImageLoaded":"C:\\Windows\\System32\\shlwapi.dll","TargetFilename":null,"SourceProcessGuid":null,"ProcessGuid":"{71b87c12-d7e5-5f84-0d01-000000000500}"},{"Channel":"Microsoft-Windows-Sysmon\/Operational","EventID":"1","Image":"C:\\Windows\\System32\\wuauclt.exe","CommandLine":"\"cmd.exe\" \/c C:\\Windows\\System32\\wuauclt.exe \/UpdateDeploymentProvider C:\\ProgramData\\SimpleInjection.dll \/RunHandlerComServer","Signed":null,"SourceImage":null,"ImageLoaded":null,"TargetFilename":null,"SourceProcessGuid":null,"ProcessGuid":"{71b87c12-d9fe-5f84-1a01-000000000500}"},{"Channel":"Microsoft-Windows-Sysmon\/Operational","EventID":"1","Image":"C:\\Windows\\System32\\wuauclt.exe","CommandLine":"\"cmd.exe\" \/c C:\\Windows\\System32\\wuauclt.exe \/UpdateDeploymentProvider C:\\ProgramData\\SimpleInjection.dll \/RunHandlerComServer","Signed":"true","SourceImage":null,"ImageLoaded":null,"TargetFilename":null,"SourceProcessGuid":null,"ProcessGuid":"{71b87c12-d259-5f84-4b00-000000000500}"},{"Channel":"Microsoft-Windows-Sysmon\/Operational","EventID":"1","Image":"C:\\Windows\\System32\\wuauclt.exe","CommandLine":"\"cmd.exe\" \/c C:\\Windows\\System32\\wuauclt.exe \/UpdateDeploymentProvider C:\\ProgramData\\SimpleInjection.dll \/RunHandlerComServer","Signed":null,"SourceImage":null,"ImageLoaded":null,"TargetFilename":null,"SourceProcessGuid":null,"ProcessGuid":null},{"Channel":"Microsoft-Windows-Sysmon\/Operational","EventID":"1","Image":"C:\\Windows\\System32\\wuauclt.exe","CommandLine":"\"cmd.exe\" \/c C:\\Windows\\System32\\wuauclt.exe \/UpdateDeploymentProvider C:\\ProgramData\\SimpleInjection.dll \/RunHandlerComServer","Signed":null,"SourceImage":null,"ImageLoaded":"C:\\Windows\\System32\\ws2_32.dll","TargetFilename":null,"SourceProcessGuid":null,"ProcessGuid":"{029f9482-bfa4-5f84-2300-000000000400}"},{"Channel":"Microsoft-Windows-Sysmon\/Operational","EventID":"1","Image":"C:\\Windows\\System32\\wuauclt.exe","CommandLine":"\"cmd.exe\" \/c C:\\Windows\\System32\\wuauclt.exe \/UpdateDeploymentProvider C:\\ProgramData\\SimpleInjection.dll \/RunHandlerComServer","Signed":null,"SourceImage":null,"ImageLoaded":null,"TargetFilename":null,"SourceProcessGuid":null,"ProcessGuid":"{71b87c12-d9fe-5f84-1a01-000000000500}"},{"Channel":"Microsoft-Windows-Sysmon\/Operational","EventID":"1","Image":"C:\\Windows\\System32\\wuauclt.exe","CommandLine":"\"cmd.exe\" \/c C:\\Windows\\System32\\wuauclt.exe \/UpdateDeploymentProvider C:\\ProgramData\\SimpleInjection.dll \/RunHandlerComServer","Signed":null,"SourceImage":null,"ImageLoaded":null,"TargetFilename":null,"SourceProcessGuid":null,"ProcessGuid":"{71b87c12-d9fe-5f84-1a01-000000000500}"},{"Channel":"Microsoft-Windows-Sysmon\/Operational","EventID":"1","Image":"C:\\Windows\\System32\\wuauclt.exe","CommandLine":"\"cmd.exe\" \/c C:\\Windows\\System32\\wuauclt.exe \/UpdateDeploymentProvider C:\\ProgramData\\SimpleInjection.dll \/RunHandlerComServer","Signed":null,"SourceImage":null,"ImageLoaded":null,"TargetFilename":null,"SourceProcessGuid":null,"ProcessGuid":"{71b87c12-d259-5f84-4a00-000000000500}"},{"Channel":"Microsoft-Windows-Sysmon\/Operational","EventID":"1","Image":"C:\\Windows\\System32\\wuauclt.exe","CommandLine":"\"cmd.exe\" \/c C:\\Windows\\System32\\wuauclt.exe \/UpdateDeploymentProvider C:\\ProgramData\\SimpleInjection.dll \/RunHandlerComServer","Signed":null,"SourceImage":null,"ImageLoaded":"C:\\Windows\\System32\\mswsock.dll","TargetFilename":null,"SourceProcessGuid":null,"ProcessGuid":null},{"Channel":"Microsoft-Windows-Sysmon\/Operational","EventID":"1","Image":"C:\\Windows\\System32\\wuauclt.exe","CommandLine":"\"cmd.exe\" \/c C:\\Windows\\System32\\wuauclt.exe \/UpdateDeploymentProvider C:\\ProgramData\\SimpleInjection.dll \/RunHandlerComServer","Signed":"true","SourceImage":null,"ImageLoaded":"C:\\Windows\\assembly\\NativeImages_v4.0.30319_64\\System\\84043d42d91958316db595f1576a37d5\\System.ni.dll","TargetFilename":null,"SourceProcessGuid":null,"ProcessGuid":"{71b87c12-d257-5f84-3100-000000000500}"},{"Channel":"Microsoft-Windows-Sysmon\/Operational","EventID":"1","Image":"C:\\Windows\\System32\\wuauclt.exe","CommandLine":"\"cmd.exe\" \/c C:\\Windows\\System32\\wuauclt.exe \/UpdateDeploymentProvider C:\\ProgramData\\SimpleInjection.dll \/RunHandlerComServer","Signed":null,"SourceImage":null,"ImageLoaded":null,"TargetFilename":null,"SourceProcessGuid":null,"ProcessGuid":"{71b87c12-d259-5f84-4a00-000000000500}"},{"Channel":"Microsoft-Windows-Sysmon\/Operational","EventID":"1","Image":"C:\\Windows\\System32\\wuauclt.exe","CommandLine":"\"cmd.exe\" \/c C:\\Windows\\System32\\wuauclt.exe \/UpdateDeploymentProvider C:\\ProgramData\\SimpleInjection.dll \/RunHandlerComServer","Signed":null,"SourceImage":null,"ImageLoaded":"C:\\Windows\\System32\\twinapi.appcore.dll","TargetFilename":null,"SourceProcessGuid":null,"ProcessGuid":"{029f9482-bfb1-5f84-5100-000000000400}"},{"Channel":"Microsoft-Windows-Sysmon\/Operational","EventID":"1","Image":"C:\\Windows\\System32\\wuauclt.exe","CommandLine":"\"cmd.exe\" \/c C:\\Windows\\System32\\wuauclt.exe \/UpdateDeploymentProvider C:\\ProgramData\\SimpleInjection.dll \/RunHandlerComServer","Signed":null,"SourceImage":null,"ImageLoaded":null,"TargetFilename":null,"SourceProcessGuid":null,"ProcessGuid":null},{"Channel":"Microsoft-Windows-Sysmon\/Operational","EventID":"1","Image":"C:\\Windows\\System32\\wuauclt.exe","CommandLine":"\"cmd.exe\" \/c C:\\Windows\\System32\\wuauclt.exe \/UpdateDeploymentProvider C:\\ProgramData\\SimpleInjection.dll \/RunHandlerComServer","Signed":null,"SourceImage":null,"ImageLoaded":null,"TargetFilename":null,"SourceProcessGuid":null,"ProcessGuid":"{37c5a1b2-c0cb-5f84-1e00-000000000400}"},{"Channel":"Microsoft-Windows-Sysmon\/Operational","EventID":"1","Image":"C:\\Windows\\System32\\wuauclt.exe","CommandLine":"C:\\Windows\\System32\\wuauclt.exe  \/UpdateDeploymentProvider C:\\ProgramData\\SimpleInjection.dll \/RunHandlerComServer","Signed":null,"SourceImage":null,"ImageLoaded":null,"TargetFilename":"C:\\ProgramData\\SimpleInjection.dll","SourceProcessGuid":null,"ProcessGuid":"{029f9482-bfb1-5f84-5100-000000000400}"},{"Channel":"Microsoft-Windows-Sysmon\/Operational","EventID":"1","Image":"C:\\Windows\\System32\\wuauclt.exe","CommandLine":"\"cmd.exe\" \/c C:\\Windows\\System32\\wuauclt.exe \/UpdateDeploymentProvider C:\\ProgramData\\SimpleInjection.dll \/RunHandlerComServer","Signed":null,"SourceImage":null,"ImageLoaded":null,"TargetFilename":null,"SourceProcessGuid":null,"ProcessGuid":"{029f9482-bfb1-5f84-5100-000000000400}"},{"Channel":"Microsoft-Windows-Sysmon\/Operational","EventID":"1","Image":"C:\\Windows\\System32\\wuauclt.exe","CommandLine":"\"cmd.exe\" \/c C:\\Windows\\System32\\wuauclt.exe \/UpdateDeploymentProvider C:\\ProgramData\\SimpleInjection.dll \/RunHandlerComServer","Signed":null,"SourceImage":null,"ImageLoaded":null,"TargetFilename":null,"SourceProcessGuid":null,"ProcessGuid":"{71b87c12-d259-5f84-4a00-000000000500}"},{"Channel":"Microsoft-Windows-Sysmon\/Operational","EventID":"1","Image":"C:\\Windows\\System32\\wuauclt.exe","CommandLine":"\"cmd.exe\" \/c C:\\Windows\\System32\\wuauclt.exe \/UpdateDeploymentProvider C:\\ProgramData\\SimpleInjection.dll \/RunHandlerComServer","Signed":null,"SourceImage":null,"ImageLoaded":null,"TargetFilename":null,"SourceProcessGuid":null,"ProcessGuid":"{029f9482-bfb1-5f84-5300-000000000400}"},{"Channel":"Microsoft-Windows-Sysmon\/Operational","EventID":"1","Image":"C:\\Windows\\System32\\wuauclt.exe","CommandLine":"\"cmd.exe\" \/c C:\\Windows\\System32\\wuauclt.exe \/UpdateDeploymentProvider C:\\ProgramData\\SimpleInjection.dll \/RunHandlerComServer","Signed":null,"SourceImage":null,"ImageLoaded":null,"TargetFilename":null,"SourceProcessGuid":null,"ProcessGuid":"{71b87c12-d9fe-5f84-1701-000000000500}"},{"Channel":"Microsoft-Windows-Sysmon\/Operational","EventID":"1","Image":"C:\\Windows\\System32\\wuauclt.exe","CommandLine":"\"cmd.exe\" \/c C:\\Windows\\System32\\wuauclt.exe \/UpdateDeploymentProvider C:\\ProgramData\\SimpleInjection.dll \/RunHandlerComServer","Signed":null,"SourceImage":null,"ImageLoaded":"C:\\Windows\\System32\\ucrtbase.dll","TargetFilename":"C:\\System Volume Information\\DFSR\\Config\\Replica_97D9634C-611C-418C-B807-83070FC7A0CA.XML.TMP","SourceProcessGuid":null,"ProcessGuid":"{71b87c12-d9fe-5f84-1a01-000000000500}"},{"Channel":"Microsoft-Windows-Sysmon\/Operational","EventID":"1","Image":"C:\\Windows\\System32\\wuauclt.exe","CommandLine":"C:\\Windows\\System32\\wuauclt.exe  \/UpdateDeploymentProvider C:\\ProgramData\\SimpleInjection.dll \/RunHandlerComServer","Signed":null,"SourceImage":null,"ImageLoaded":null,"TargetFilename":null,"SourceProcessGuid":"{71b87c12-d9fe-5f84-1901-000000000500}","ProcessGuid":null},{"Channel":"Microsoft-Windows-Sysmon\/Operational","EventID":"1","Image":"C:\\Windows\\System32\\wuauclt.exe","CommandLine":"\"cmd.exe\" \/c C:\\Windows\\System32\\wuauclt.exe \/UpdateDeploymentProvider C:\\ProgramData\\SimpleInjection.dll \/RunHandlerComServer","Signed":null,"SourceImage":null,"ImageLoaded":null,"TargetFilename":null,"SourceProcessGuid":null,"ProcessGuid":"{37c5a1b2-c15f-5f84-5902-000000000400}"},{"Channel":"Microsoft-Windows-Sysmon\/Operational","EventID":"1","Image":"C:\\Windows\\System32\\wuauclt.exe","CommandLine":"\"cmd.exe\" \/c C:\\Windows\\System32\\wuauclt.exe \/UpdateDeploymentProvider C:\\ProgramData\\SimpleInjection.dll \/RunHandlerComServer","Signed":null,"SourceImage":null,"ImageLoaded":null,"TargetFilename":null,"SourceProcessGuid":null,"ProcessGuid":"{71b87c12-d9fe-5f84-1a01-000000000500}"},{"Channel":"Microsoft-Windows-Sysmon\/Operational","EventID":"1","Image":"C:\\Windows\\System32\\wuauclt.exe","CommandLine":"\"cmd.exe\" \/c C:\\Windows\\System32\\wuauclt.exe \/UpdateDeploymentProvider C:\\ProgramData\\SimpleInjection.dll \/RunHandlerComServer","Signed":null,"SourceImage":null,"ImageLoaded":null,"TargetFilename":null,"SourceProcessGuid":null,"ProcessGuid":"{71b87c12-d9fe-5f84-1a01-000000000500}"},{"Channel":"Microsoft-Windows-Sysmon\/Operational","EventID":"1","Image":"C:\\Windows\\System32\\wuauclt.exe","CommandLine":"\"cmd.exe\" \/c C:\\Windows\\System32\\wuauclt.exe \/UpdateDeploymentProvider C:\\ProgramData\\SimpleInjection.dll \/RunHandlerComServer","Signed":"true","SourceImage":null,"ImageLoaded":null,"TargetFilename":null,"SourceProcessGuid":null,"ProcessGuid":"{71b87c12-d9fe-5f84-1a01-000000000500}"},{"Channel":"Microsoft-Windows-Sysmon\/Operational","EventID":"1","Image":"C:\\Windows\\System32\\wuauclt.exe","CommandLine":"\"cmd.exe\" \/c C:\\Windows\\System32\\wuauclt.exe \/UpdateDeploymentProvider C:\\ProgramData\\SimpleInjection.dll \/RunHandlerComServer","Signed":null,"SourceImage":null,"ImageLoaded":"C:\\Windows\\System32\\sechost.dll","TargetFilename":null,"SourceProcessGuid":null,"ProcessGuid":"{71b87c12-d96c-5f84-1601-000000000500}"},{"Channel":"Microsoft-Windows-Sysmon\/Operational","EventID":"1","Image":"C:\\Windows\\System32\\wuauclt.exe","CommandLine":"C:\\Windows\\System32\\wuauclt.exe  \/UpdateDeploymentProvider C:\\ProgramData\\SimpleInjection.dll \/RunHandlerComServer","Signed":null,"SourceImage":null,"ImageLoaded":null,"TargetFilename":"C:\\ProgramData\\Microsoft\\Diagnosis\\DownloadedSettings\\utc.tracing.json.new","SourceProcessGuid":null,"ProcessGuid":null},{"Channel":"Microsoft-Windows-Sysmon\/Operational","EventID":"1","Image":"C:\\Windows\\System32\\wuauclt.exe","CommandLine":"\"cmd.exe\" \/c C:\\Windows\\System32\\wuauclt.exe \/UpdateDeploymentProvider C:\\ProgramData\\SimpleInjection.dll \/RunHandlerComServer","Signed":"true","SourceImage":null,"ImageLoaded":"C:\\Windows\\System32\\ucrtbase.dll","TargetFilename":null,"SourceProcessGuid":null,"ProcessGuid":null},{"Channel":"Microsoft-Windows-Sysmon\/Operational","EventID":"1","Image":"C:\\Windows\\System32\\wuauclt.exe","CommandLine":"C:\\Windows\\System32\\wuauclt.exe  \/UpdateDeploymentProvider C:\\ProgramData\\SimpleInjection.dll \/RunHandlerComServer","Signed":"true","SourceImage":null,"ImageLoaded":"C:\\Windows\\System32\\oleaut32.dll","TargetFilename":null,"SourceProcessGuid":null,"ProcessGuid":null},{"Channel":"Microsoft-Windows-Sysmon\/Operational","EventID":"1","Image":"C:\\Windows\\System32\\wuauclt.exe","CommandLine":"C:\\Windows\\System32\\wuauclt.exe  \/UpdateDeploymentProvider C:\\ProgramData\\SimpleInjection.dll \/RunHandlerComServer","Signed":null,"SourceImage":null,"ImageLoaded":null,"TargetFilename":null,"SourceProcessGuid":null,"ProcessGuid":"{71b87c12-d9fe-5f84-1a01-000000000500}"},{"Channel":"Microsoft-Windows-Sysmon\/Operational","EventID":"7","Image":"C:\\Windows\\System32\\wuauclt.exe","CommandLine":null,"Signed":"false","SourceImage":null,"ImageLoaded":null,"TargetFilename":null,"SourceProcessGuid":null,"ProcessGuid":"{71b87c12-d9fe-5f84-1a01-000000000500}"},{"Channel":"Microsoft-Windows-Sysmon\/Operational","EventID":"7","Image":"C:\\Windows\\System32\\wuauclt.exe","CommandLine":null,"Signed":"false","SourceImage":null,"ImageLoaded":null,"TargetFilename":null,"SourceProcessGuid":null,"ProcessGuid":"{71b87c12-d9fe-5f84-1a01-000000000500}"},{"Channel":"Microsoft-Windows-Sysmon\/Operational","EventID":"7","Image":"C:\\Windows\\System32\\wuauclt.exe","CommandLine":null,"Signed":"false","SourceImage":null,"ImageLoaded":null,"TargetFilename":null,"SourceProcessGuid":null,"ProcessGuid":null},{"Channel":"Microsoft-Windows-Sysmon\/Operational","EventID":"7","Image":"C:\\Windows\\System32\\wuauclt.exe","CommandLine":null,"Signed":"false","SourceImage":null,"ImageLoaded":null,"TargetFilename":null,"SourceProcessGuid":null,"ProcessGuid":"{71b87c12-d9fe-5f84-1a01-000000000500}"},{"Channel":"Microsoft-Windows-Sysmon\/Operational","EventID":"7","Image":"C:\\Windows\\System32\\wuauclt.exe","CommandLine":null,"Signed":"false","SourceImage":null,"ImageLoaded":"C:\\Windows\\assembly\\NativeImages_v4.0.30319_64\\System\\84043d42d91958316db595f1576a37d5\\System.ni.dll","TargetFilename":null,"SourceProcessGuid":null,"ProcessGuid":null},{"Channel":"Microsoft-Windows-Sysmon\/Operational","EventID":"7","Image":"C:\\Windows\\System32\\wuauclt.exe","CommandLine":null,"Signed":"false","SourceImage":null,"ImageLoaded":"C:\\Windows\\System32\\combase.dll","TargetFilename":null,"SourceProcessGuid":null,"ProcessGuid":"{71b87c12-d7e5-5f84-0d01-000000000500}"},{"Channel":"Microsoft-Windows-Sysmon\/Operational","EventID":"7","Image":"C:\\Windows\\System32\\wuauclt.exe","CommandLine":null,"Signed":"false","SourceImage":null,"ImageLoaded":null,"TargetFilename":null,"SourceProcessGuid":null,"ProcessGuid":"{71b87c12-d9fe-5f84-1a01-000000000500}"},{"Channel":"Microsoft-Windows-Sysmon\/Operational","EventID":"7","Image":"C:\\Windows\\System32\\wuauclt.exe","CommandLine":null,"Signed":"false","SourceImage":null,"ImageLoaded":"C:\\Windows\\System32\\updatepolicy.dll","TargetFilename":null,"SourceProcessGuid":null,"ProcessGuid":"{71b87c12-d7e5-5f84-0d01-000000000500}"},{"Channel":"Microsoft-Windows-Sysmon\/Operational","EventID":"7","Image":"C:\\Windows\\System32\\wuauclt.exe","CommandLine":null,"Signed":"false","SourceImage":null,"ImageLoaded":null,"TargetFilename":null,"SourceProcessGuid":null,"ProcessGuid":"{71b87c12-d257-5f84-3100-000000000500}"},{"Channel":"Microsoft-Windows-Sysmon\/Operational","EventID":"7","Image":"C:\\Windows\\System32\\wuauclt.exe","CommandLine":null,"Signed":"false","SourceImage":null,"ImageLoaded":null,"TargetFilename":null,"SourceProcessGuid":null,"ProcessGuid":null},{"Channel":"Microsoft-Windows-Sysmon\/Operational","EventID":"7","Image":"C:\\Windows\\System32\\wuauclt.exe","CommandLine":null,"Signed":"false","SourceImage":null,"ImageLoaded":null,"TargetFilename":null,"SourceProcessGuid":null,"ProcessGuid":null},{"Channel":"Microsoft-Windows-Sysmon\/Operational","EventID":"7","Image":"C:\\Windows\\System32\\wuauclt.exe","CommandLine":null,"Signed":"false","SourceImage":null,"ImageLoaded":null,"TargetFilename":null,"SourceProcessGuid":null,"ProcessGuid":null},{"Channel":"Microsoft-Windows-Sysmon\/Operational","EventID":"7","Image":"C:\\Windows\\System32\\wuauclt.exe","CommandLine":null,"Signed":"false","SourceImage":null,"ImageLoaded":null,"TargetFilename":null,"SourceProcessGuid":null,"ProcessGuid":"{029f9482-bfb1-5f84-5300-000000000400}"},{"Channel":"Microsoft-Windows-Sysmon\/Operational","EventID":"7","Image":"C:\\Windows\\System32\\wuauclt.exe","CommandLine":null,"Signed":"false","SourceImage":null,"ImageLoaded":null,"TargetFilename":null,"SourceProcessGuid":null,"ProcessGuid":"{029f9482-bf9e-5f84-0c00-000000000400}"},{"Channel":"Microsoft-Windows-Sysmon\/Operational","EventID":"7","Image":"C:\\Windows\\System32\\wuauclt.exe","CommandLine":null,"Signed":"false","SourceImage":null,"ImageLoaded":null,"TargetFilename":null,"SourceProcessGuid":null,"ProcessGuid":null},{"Channel":"Microsoft-Windows-Sysmon\/Operational","EventID":"7","Image":"C:\\Windows\\System32\\wuauclt.exe","CommandLine":null,"Signed":"false","SourceImage":null,"ImageLoaded":null,"TargetFilename":null,"SourceProcessGuid":null,"ProcessGuid":"{71b87c12-d9fe-5f84-1a01-000000000500}"},{"Channel":"Microsoft-Windows-Sysmon\/Operational","EventID":"7","Image":"C:\\Windows\\System32\\wuauclt.exe","CommandLine":null,"Signed":"false","SourceImage":null,"ImageLoaded":"C:\\Windows\\System32\\uxtheme.dll","TargetFilename":null,"SourceProcessGuid":null,"ProcessGuid":"{71b87c12-d7e5-5f84-0d01-000000000500}"},{"Channel":"Microsoft-Windows-Sysmon\/Operational","EventID":"7","Image":"C:\\Windows\\System32\\wuauclt.exe","CommandLine":null,"Signed":"false","SourceImage":"C:\\windows\\system32\\svchost.exe","ImageLoaded":null,"TargetFilename":null,"SourceProcessGuid":null,"ProcessGuid":"{71b87c12-d9fe-5f84-1801-000000000500}"},{"Channel":"Microsoft-Windows-Sysmon\/Operational","EventID":"7","Image":"C:\\Windows\\System32\\wuauclt.exe","CommandLine":null,"Signed":"false","SourceImage":null,"ImageLoaded":null,"TargetFilename":null,"SourceProcessGuid":null,"ProcessGuid":"{029f9482-bf9e-5f84-0c00-000000000400}"},{"Channel":"Microsoft-Windows-Sysmon\/Operational","EventID":"7","Image":"C:\\Windows\\System32\\wuauclt.exe","CommandLine":null,"Signed":"false","SourceImage":null,"ImageLoaded":null,"TargetFilename":null,"SourceProcessGuid":null,"ProcessGuid":null},{"Channel":"Microsoft-Windows-Sysmon\/Operational","EventID":"7","Image":"C:\\Windows\\System32\\wuauclt.exe","CommandLine":null,"Signed":"false","SourceImage":null,"ImageLoaded":null,"TargetFilename":null,"SourceProcessGuid":null,"ProcessGuid":"{71b87c12-d9fe-5f84-1901-000000000500}"},{"Channel":"Microsoft-Windows-Sysmon\/Operational","EventID":"7","Image":"C:\\Windows\\System32\\wuauclt.exe","CommandLine":null,"Signed":"false","SourceImage":"C:\\windows\\system32\\svchost.exe","ImageLoaded":null,"TargetFilename":null,"SourceProcessGuid":null,"ProcessGuid":"{71b87c12-d9fe-5f84-1801-000000000500}"},{"Channel":"Microsoft-Windows-Sysmon\/Operational","EventID":"7","Image":"C:\\Windows\\System32\\wuauclt.exe","CommandLine":null,"Signed":"false","SourceImage":null,"ImageLoaded":"C:\\Windows\\System32\\winrnr.dll","TargetFilename":null,"SourceProcessGuid":null,"ProcessGuid":"{71b87c12-d9fe-5f84-1a01-000000000500}"},{"Channel":"Microsoft-Windows-Sysmon\/Operational","EventID":"7","Image":"C:\\Windows\\System32\\wuauclt.exe","CommandLine":null,"Signed":"false","SourceImage":null,"ImageLoaded":null,"TargetFilename":null,"SourceProcessGuid":null,"ProcessGuid":null},{"Channel":"Microsoft-Windows-Sysmon\/Operational","EventID":"7","Image":"C:\\Windows\\System32\\wuauclt.exe","CommandLine":null,"Signed":"false","SourceImage":null,"ImageLoaded":null,"TargetFilename":null,"SourceProcessGuid":null,"ProcessGuid":"{029f9482-c02e-5f84-b500-000000000400}"},{"Channel":"Microsoft-Windows-Sysmon\/Operational","EventID":"7","Image":"C:\\Windows\\System32\\wuauclt.exe","CommandLine":null,"Signed":"false","SourceImage":null,"ImageLoaded":null,"TargetFilename":null,"SourceProcessGuid":null,"ProcessGuid":null},{"Channel":"Microsoft-Windows-Sysmon\/Operational","EventID":"7","Image":"C:\\Windows\\System32\\wuauclt.exe","CommandLine":null,"Signed":"false","SourceImage":null,"ImageLoaded":null,"TargetFilename":null,"SourceProcessGuid":null,"ProcessGuid":"{71b87c12-d9fe-5f84-1a01-000000000500}"},{"Channel":"Microsoft-Windows-Sysmon\/Operational","EventID":"7","Image":"C:\\Windows\\System32\\wuauclt.exe","CommandLine":null,"Signed":"false","SourceImage":null,"ImageLoaded":null,"TargetFilename":null,"SourceProcessGuid":null,"ProcessGuid":"{71b87c12-d9fe-5f84-1801-000000000500}"},{"Channel":"Microsoft-Windows-Sysmon\/Operational","EventID":"7","Image":"C:\\Windows\\System32\\wuauclt.exe","CommandLine":null,"Signed":"false","SourceImage":null,"ImageLoaded":null,"TargetFilename":null,"SourceProcessGuid":null,"ProcessGuid":null},{"Channel":"Microsoft-Windows-Sysmon\/Operational","EventID":"7","Image":"C:\\Windows\\System32\\wuauclt.exe","CommandLine":null,"Signed":"false","SourceImage":null,"ImageLoaded":"C:\\Windows\\System32\\advapi32.dll","TargetFilename":null,"SourceProcessGuid":null,"ProcessGuid":null},{"Channel":"Microsoft-Windows-Sysmon\/Operational","EventID":"7","Image":"C:\\Windows\\System32\\wuauclt.exe","CommandLine":null,"Signed":"false","SourceImage":null,"ImageLoaded":null,"TargetFilename":null,"SourceProcessGuid":null,"ProcessGuid":"{71b87c12-d9fe-5f84-1801-000000000500}"},{"Channel":"Microsoft-Windows-Sysmon\/Operational","EventID":"7","Image":"C:\\Windows\\System32\\wuauclt.exe","CommandLine":null,"Signed":"false","SourceImage":null,"ImageLoaded":null,"TargetFilename":null,"SourceProcessGuid":null,"ProcessGuid":"{029f9482-bfb1-5f84-5100-000000000400}"},{"Channel":"Microsoft-Windows-Sysmon\/Operational","EventID":"7","Image":"C:\\Windows\\System32\\wuauclt.exe","CommandLine":null,"Signed":"false","SourceImage":null,"ImageLoaded":null,"TargetFilename":null,"SourceProcessGuid":null,"ProcessGuid":null},{"Channel":"Microsoft-Windows-Sysmon\/Operational","EventID":"7","Image":"C:\\Windows\\System32\\wuauclt.exe","CommandLine":null,"Signed":"false","SourceImage":null,"ImageLoaded":null,"TargetFilename":null,"SourceProcessGuid":null,"ProcessGuid":"{71b87c12-d9fe-5f84-1a01-000000000500}"},{"Channel":"Microsoft-Windows-Sysmon\/Operational","EventID":"7","Image":"C:\\Windows\\System32\\wuauclt.exe","CommandLine":null,"Signed":"false","SourceImage":null,"ImageLoaded":"C:\\Windows\\System32\\perfctrs.dll","TargetFilename":null,"SourceProcessGuid":null,"ProcessGuid":"{029f9482-bfb1-5f84-4e00-000000000400}"},{"Channel":"Microsoft-Windows-Sysmon\/Operational","EventID":"7","Image":"C:\\Windows\\System32\\wuauclt.exe","CommandLine":null,"Signed":"false","SourceImage":null,"ImageLoaded":null,"TargetFilename":null,"SourceProcessGuid":null,"ProcessGuid":null},{"Channel":"Microsoft-Windows-Sysmon\/Operational","EventID":"7","Image":"C:\\Windows\\System32\\wuauclt.exe","CommandLine":null,"Signed":"false","SourceImage":null,"ImageLoaded":null,"TargetFilename":null,"SourceProcessGuid":null,"ProcessGuid":"{029f9482-c02e-5f84-b500-000000000400}"},{"Channel":"Microsoft-Windows-Sysmon\/Operational","EventID":"7","Image":"C:\\Windows\\System32\\wuauclt.exe","CommandLine":null,"Signed":"false","SourceImage":null,"ImageLoaded":null,"TargetFilename":null,"SourceProcessGuid":null,"ProcessGuid":null},{"Channel":"Microsoft-Windows-Sysmon\/Operational","EventID":"7","Image":"C:\\Windows\\System32\\wuauclt.exe","CommandLine":null,"Signed":"false","SourceImage":null,"ImageLoaded":null,"TargetFilename":null,"SourceProcessGuid":null,"ProcessGuid":"{029f9482-bf9e-5f84-0c00-000000000400}"},{"Channel":"Microsoft-Windows-Sysmon\/Operational","EventID":"7","Image":"C:\\Windows\\System32\\wuauclt.exe","CommandLine":null,"Signed":"false","SourceImage":null,"ImageLoaded":null,"TargetFilename":null,"SourceProcessGuid":null,"ProcessGuid":"{71b87c12-d9fe-5f84-1a01-000000000500}"},{"Channel":"Microsoft-Windows-Sysmon\/Operational","EventID":"7","Image":"C:\\Windows\\System32\\wuauclt.exe","CommandLine":null,"Signed":"false","SourceImage":null,"ImageLoaded":null,"TargetFilename":null,"SourceProcessGuid":null,"ProcessGuid":"{71b87c12-d257-5f84-3100-000000000500}"},{"Channel":"Microsoft-Windows-Sysmon\/Operational","EventID":"7","Image":"C:\\Windows\\System32\\wuauclt.exe","CommandLine":null,"Signed":"false","SourceImage":null,"ImageLoaded":null,"TargetFilename":null,"SourceProcessGuid":null,"ProcessGuid":"{029f9482-bf9e-5f84-0c00-000000000400}"},{"Channel":"Microsoft-Windows-Sysmon\/Operational","EventID":"7","Image":"C:\\Windows\\System32\\wuauclt.exe","CommandLine":null,"Signed":"false","SourceImage":null,"ImageLoaded":null,"TargetFilename":null,"SourceProcessGuid":null,"ProcessGuid":null},{"Channel":"Microsoft-Windows-Sysmon\/Operational","EventID":"7","Image":"C:\\Windows\\System32\\wuauclt.exe","CommandLine":null,"Signed":"false","SourceImage":null,"ImageLoaded":null,"TargetFilename":null,"SourceProcessGuid":null,"ProcessGuid":"{71b87c12-d7e5-5f84-0d01-000000000500}"},{"Channel":"Microsoft-Windows-Sysmon\/Operational","EventID":"7","Image":"C:\\Windows\\System32\\wuauclt.exe","CommandLine":null,"Signed":"false","SourceImage":null,"ImageLoaded":null,"TargetFilename":null,"SourceProcessGuid":null,"ProcessGuid":"{029f9482-c16a-5f84-eb00-000000000400}"},{"Channel":"Microsoft-Windows-Sysmon\/Operational","EventID":"7","Image":"C:\\Windows\\System32\\wuauclt.exe","CommandLine":null,"Signed":"false","SourceImage":null,"ImageLoaded":null,"TargetFilename":null,"SourceProcessGuid":null,"ProcessGuid":"{71b87c12-d9fe-5f84-1801-000000000500}"},{"Channel":"Microsoft-Windows-Sysmon\/Operational","EventID":"7","Image":"C:\\Windows\\System32\\wuauclt.exe","CommandLine":null,"Signed":"false","SourceImage":null,"ImageLoaded":"C:\\Windows\\System32\\rpcrt4.dll","TargetFilename":null,"SourceProcessGuid":null,"ProcessGuid":"{029f9482-bfa4-5f84-2300-000000000400}"},{"Channel":"Microsoft-Windows-Sysmon\/Operational","EventID":"7","Image":"C:\\Windows\\System32\\wuauclt.exe","CommandLine":null,"Signed":"false","SourceImage":null,"ImageLoaded":null,"TargetFilename":null,"SourceProcessGuid":null,"ProcessGuid":"{71b87c12-d9fe-5f84-1801-000000000500}"},{"Channel":"Microsoft-Windows-Sysmon\/Operational","EventID":"7","Image":"C:\\Windows\\System32\\wuauclt.exe","CommandLine":null,"Signed":"false","SourceImage":null,"ImageLoaded":"C:\\Windows\\System32\\mpr.dll","TargetFilename":null,"SourceProcessGuid":null,"ProcessGuid":"{71b87c12-d9fe-5f84-1a01-000000000500}"},{"Channel":"Microsoft-Windows-Sysmon\/Operational","EventID":"7","Image":"C:\\Windows\\System32\\wuauclt.exe","CommandLine":null,"Signed":"false","SourceImage":null,"ImageLoaded":null,"TargetFilename":null,"SourceProcessGuid":null,"ProcessGuid":"{71b87c12-d9fe-5f84-1a01-000000000500}"},{"Channel":"Microsoft-Windows-Sysmon\/Operational","EventID":"7","Image":"C:\\Windows\\System32\\wuauclt.exe","CommandLine":null,"Signed":"false","SourceImage":null,"ImageLoaded":null,"TargetFilename":null,"SourceProcessGuid":null,"ProcessGuid":"{71b87c12-d9fe-5f84-1801-000000000500}"},{"Channel":"Microsoft-Windows-Sysmon\/Operational","EventID":"7","Image":"C:\\Windows\\System32\\wuauclt.exe","CommandLine":null,"Signed":"false","SourceImage":null,"ImageLoaded":null,"TargetFilename":null,"SourceProcessGuid":null,"ProcessGuid":"{029f9482-bfa2-5f84-0f00-000000000400}"},{"Channel":"Microsoft-Windows-Sysmon\/Operational","EventID":"7","Image":"C:\\Windows\\System32\\wuauclt.exe","CommandLine":null,"Signed":"false","SourceImage":null,"ImageLoaded":null,"TargetFilename":null,"SourceProcessGuid":null,"ProcessGuid":null},{"Channel":"Microsoft-Windows-Sysmon\/Operational","EventID":"7","Image":"C:\\Windows\\System32\\wuauclt.exe","CommandLine":null,"Signed":"false","SourceImage":null,"ImageLoaded":null,"TargetFilename":null,"SourceProcessGuid":null,"ProcessGuid":"{029f9482-bfa2-5f84-0f00-000000000400}"},{"Channel":"Microsoft-Windows-Sysmon\/Operational","EventID":"7","Image":"C:\\Windows\\System32\\wuauclt.exe","CommandLine":null,"Signed":"false","SourceImage":null,"ImageLoaded":null,"TargetFilename":null,"SourceProcessGuid":null,"ProcessGuid":"{71b87c12-d259-5f84-5600-000000000500}"},{"Channel":"Microsoft-Windows-Sysmon\/Operational","EventID":"7","Image":"C:\\Windows\\System32\\wuauclt.exe","CommandLine":null,"Signed":"false","SourceImage":null,"ImageLoaded":null,"TargetFilename":null,"SourceProcessGuid":null,"ProcessGuid":"{71b87c12-d9fe-5f84-1801-000000000500}"},{"Channel":"Microsoft-Windows-Sysmon\/Operational","EventID":"7","Image":"C:\\Windows\\System32\\wuauclt.exe","CommandLine":null,"Signed":"false","SourceImage":null,"ImageLoaded":null,"TargetFilename":null,"SourceProcessGuid":null,"ProcessGuid":"{71b87c12-d259-5f84-4a00-000000000500}"},{"Channel":"Microsoft-Windows-Sysmon\/Operational","EventID":"7","Image":"C:\\Windows\\System32\\wuauclt.exe","CommandLine":null,"Signed":"false","SourceImage":null,"ImageLoaded":"C:\\Windows\\System32\\efswrt.dll","TargetFilename":null,"SourceProcessGuid":null,"ProcessGuid":"{71b87c12-d9fe-5f84-1a01-000000000500}"},{"Channel":"Microsoft-Windows-Sysmon\/Operational","EventID":"7","Image":"C:\\Windows\\System32\\wuauclt.exe","CommandLine":null,"Signed":"false","SourceImage":"C:\\windows\\system32\\svchost.exe","ImageLoaded":null,"TargetFilename":null,"SourceProcessGuid":null,"ProcessGuid":"{71b87c12-d9fe-5f84-1a01-000000000500}"},{"Channel":"Microsoft-Windows-Sysmon\/Operational","EventID":"7","Image":"C:\\Windows\\System32\\wuauclt.exe","CommandLine":null,"Signed":"false","SourceImage":null,"ImageLoaded":null,"TargetFilename":null,"SourceProcessGuid":null,"ProcessGuid":"{71b87c12-d9fe-5f84-1901-000000000500}"},{"Channel":"Microsoft-Windows-Sysmon\/Operational","EventID":"7","Image":"C:\\Windows\\System32\\wuauclt.exe","CommandLine":null,"Signed":"false","SourceImage":null,"ImageLoaded":null,"TargetFilename":null,"SourceProcessGuid":null,"ProcessGuid":null},{"Channel":"Microsoft-Windows-Sysmon\/Operational","EventID":"7","Image":"C:\\Windows\\System32\\wuauclt.exe","CommandLine":null,"Signed":"false","SourceImage":null,"ImageLoaded":"C:\\Windows\\System32\\apphelp.dll","TargetFilename":null,"SourceProcessGuid":null,"ProcessGuid":"{71b87c12-d255-5f84-0c00-000000000500}"},{"Channel":"Microsoft-Windows-Sysmon\/Operational","EventID":"7","Image":"C:\\Windows\\System32\\wuauclt.exe","CommandLine":null,"Signed":"false","SourceImage":null,"ImageLoaded":null,"TargetFilename":null,"SourceProcessGuid":null,"ProcessGuid":"{71b87c12-d9fe-5f84-1a01-000000000500}"},{"Channel":"Microsoft-Windows-Sysmon\/Operational","EventID":"7","Image":"C:\\Windows\\System32\\wuauclt.exe","CommandLine":null,"Signed":"false","SourceImage":null,"ImageLoaded":"C:\\Windows\\System32\\dnsapi.dll","TargetFilename":null,"SourceProcessGuid":null,"ProcessGuid":"{71b87c12-d9fe-5f84-1801-000000000500}"},{"Channel":"Microsoft-Windows-Sysmon\/Operational","EventID":"7","Image":"C:\\Windows\\System32\\wuauclt.exe","CommandLine":null,"Signed":"false","SourceImage":null,"ImageLoaded":null,"TargetFilename":null,"SourceProcessGuid":null,"ProcessGuid":null},{"Channel":"Microsoft-Windows-Sysmon\/Operational","EventID":"7","Image":"C:\\Windows\\System32\\wuauclt.exe","CommandLine":null,"Signed":"false","SourceImage":"C:\\windows\\system32\\ctfmon.exe","ImageLoaded":null,"TargetFilename":null,"SourceProcessGuid":null,"ProcessGuid":"{029f9482-bfb1-5f84-5300-000000000400}"},{"Channel":"Microsoft-Windows-Sysmon\/Operational","EventID":"7","Image":"C:\\Windows\\System32\\wuauclt.exe","CommandLine":null,"Signed":"false","SourceImage":null,"ImageLoaded":null,"TargetFilename":null,"SourceProcessGuid":null,"ProcessGuid":"{029f9482-c02e-5f84-b500-000000000400}"},{"Channel":"Microsoft-Windows-Sysmon\/Operational","EventID":"7","Image":"C:\\Windows\\System32\\wuauclt.exe","CommandLine":null,"Signed":"false","SourceImage":null,"ImageLoaded":"C:\\Windows\\System32\\sechost.dll","TargetFilename":null,"SourceProcessGuid":null,"ProcessGuid":null},{"Channel":"Microsoft-Windows-Sysmon\/Operational","EventID":"7","Image":"C:\\Windows\\System32\\wuauclt.exe","CommandLine":null,"Signed":"false","SourceImage":null,"ImageLoaded":null,"TargetFilename":null,"SourceProcessGuid":null,"ProcessGuid":"{029f9482-c02e-5f84-b500-000000000400}"},{"Channel":"Microsoft-Windows-Sysmon\/Operational","EventID":"7","Image":"C:\\Windows\\System32\\wuauclt.exe","CommandLine":null,"Signed":"false","SourceImage":null,"ImageLoaded":null,"TargetFilename":"C:\\System Volume Information\\DFSR\\Config\\Replica_97D9634C-611C-418C-B807-83070FC7A0CA.XML.TMP","SourceProcessGuid":null,"ProcessGuid":null},{"Channel":"Microsoft-Windows-Sysmon\/Operational","EventID":"7","Image":"C:\\Windows\\System32\\wuauclt.exe","CommandLine":null,"Signed":"false","SourceImage":"C:\\windows\\system32\\svchost.exe","ImageLoaded":"C:\\Windows\\System32\\combase.dll","TargetFilename":null,"SourceProcessGuid":null,"ProcessGuid":null},{"Channel":"Microsoft-Windows-Sysmon\/Operational","EventID":"7","Image":"C:\\Windows\\System32\\wuauclt.exe","CommandLine":null,"Signed":"false","SourceImage":null,"ImageLoaded":null,"TargetFilename":null,"SourceProcessGuid":null,"ProcessGuid":null},{"Channel":"Microsoft-Windows-Sysmon\/Operational","EventID":"7","Image":"C:\\Windows\\System32\\wuauclt.exe","CommandLine":null,"Signed":"false","SourceImage":null,"ImageLoaded":null,"TargetFilename":null,"SourceProcessGuid":null,"ProcessGuid":"{029f9482-bfb1-5f84-5300-000000000400}"},{"Channel":"Microsoft-Windows-Sysmon\/Operational","EventID":"7","Image":"C:\\Windows\\System32\\wuauclt.exe","CommandLine":null,"Signed":"false","SourceImage":null,"ImageLoaded":"C:\\Windows\\System32\\perfctrs.dll","TargetFilename":null,"SourceProcessGuid":null,"ProcessGuid":"{71b87c12-d9fe-5f84-1a01-000000000500}"},{"Channel":"Microsoft-Windows-Sysmon\/Operational","EventID":"7","Image":"C:\\Windows\\System32\\wuauclt.exe","CommandLine":null,"Signed":"false","SourceImage":null,"ImageLoaded":null,"TargetFilename":null,"SourceProcessGuid":null,"ProcessGuid":"{029f9482-bfb1-5f84-5100-000000000400}"},{"Channel":"Microsoft-Windows-Sysmon\/Operational","EventID":"7","Image":"C:\\Windows\\System32\\wuauclt.exe","CommandLine":null,"Signed":"false","SourceImage":null,"ImageLoaded":null,"TargetFilename":null,"SourceProcessGuid":null,"ProcessGuid":null},{"Channel":"Microsoft-Windows-Sysmon\/Operational","EventID":"7","Image":"C:\\Windows\\System32\\wuauclt.exe","CommandLine":null,"Signed":"false","SourceImage":null,"ImageLoaded":null,"TargetFilename":null,"SourceProcessGuid":null,"ProcessGuid":null},{"Channel":"Microsoft-Windows-Sysmon\/Operational","EventID":"7","Image":"C:\\Windows\\System32\\wuauclt.exe","CommandLine":null,"Signed":"false","SourceImage":null,"ImageLoaded":"C:\\Windows\\System32\\cfgmgr32.dll","TargetFilename":null,"SourceProcessGuid":null,"ProcessGuid":"{71b87c12-d9fe-5f84-1a01-000000000500}"},{"Channel":"Microsoft-Windows-Sysmon\/Operational","EventID":"7","Image":"C:\\Windows\\System32\\wuauclt.exe","CommandLine":null,"Signed":"false","SourceImage":null,"ImageLoaded":null,"TargetFilename":null,"SourceProcessGuid":null,"ProcessGuid":null},{"Channel":"Microsoft-Windows-Sysmon\/Operational","EventID":"7","Image":"C:\\Windows\\System32\\wuauclt.exe","CommandLine":null,"Signed":"false","SourceImage":null,"ImageLoaded":null,"TargetFilename":null,"SourceProcessGuid":null,"ProcessGuid":null},{"Channel":"Microsoft-Windows-Sysmon\/Operational","EventID":"7","Image":"C:\\Windows\\System32\\wuauclt.exe","CommandLine":null,"Signed":"false","SourceImage":null,"ImageLoaded":null,"TargetFilename":null,"SourceProcessGuid":null,"ProcessGuid":"{71b87c12-d9fe-5f84-1a01-000000000500}"},{"Channel":"Microsoft-Windows-Sysmon\/Operational","EventID":"7","Image":"C:\\Windows\\System32\\wuauclt.exe","CommandLine":null,"Signed":"false","SourceImage":null,"ImageLoaded":null,"TargetFilename":null,"SourceProcessGuid":null,"ProcessGuid":"{71b87c12-d96c-5f84-1601-000000000500}"},{"Channel":"Microsoft-Windows-Sysmon\/Operational","EventID":"7","Image":"C:\\Windows\\System32\\wuauclt.exe","CommandLine":null,"Signed":"false","SourceImage":null,"ImageLoaded":null,"TargetFilename":null,"SourceProcessGuid":null,"ProcessGuid":"{71b87c12-d257-5f84-1d00-000000000500}"},{"Channel":"Microsoft-Windows-Sysmon\/Operational","EventID":"7","Image":"C:\\Windows\\System32\\wuauclt.exe","CommandLine":null,"Signed":"false","SourceImage":null,"ImageLoaded":null,"TargetFilename":null,"SourceProcessGuid":null,"ProcessGuid":null},{"Channel":"Microsoft-Windows-Sysmon\/Operational","EventID":"7","Image":"C:\\Windows\\System32\\wuauclt.exe","CommandLine":null,"Signed":"false","SourceImage":null,"ImageLoaded":"C:\\Windows\\System32\\sechost.dll","TargetFilename":null,"SourceProcessGuid":null,"ProcessGuid":"{71b87c12-d96c-5f84-1601-000000000500}"},{"Channel":"Microsoft-Windows-Sysmon\/Operational","EventID":"8","Image":"C:\\windows\\system32\\svchost.exe","CommandLine":null,"Signed":null,"SourceImage":"C:\\Windows\\System32\\wuauclt.exe","ImageLoaded":"C:\\Windows\\System32\\combase.dll","TargetFilename":null,"SourceProcessGuid":null,"ProcessGuid":"{71b87c12-d257-5f84-3100-000000000500}"},{"Channel":"Microsoft-Windows-Sysmon\/Operational","EventID":"8","Image":"C:\\windows\\ADWS\\Microsoft.ActiveDirectory.WebServices.exe","CommandLine":null,"Signed":null,"SourceImage":"C:\\Windows\\System32\\wuauclt.exe","ImageLoaded":"C:\\Windows\\System32\\wuauclt.exe","TargetFilename":null,"SourceProcessGuid":null,"ProcessGuid":"{71b87c12-d9fe-5f84-1a01-000000000500}"},{"Channel":"Microsoft-Windows-Sysmon\/Operational","EventID":"8","Image":null,"CommandLine":null,"Signed":null,"SourceImage":"C:\\Windows\\System32\\wuauclt.exe","ImageLoaded":"C:\\Windows\\System32\\twinapi.appcore.dll","TargetFilename":null,"SourceProcessGuid":null,"ProcessGuid":"{71b87c12-d257-5f84-1d00-000000000500}"},{"Channel":"Microsoft-Windows-Sysmon\/Operational","EventID":"8","Image":"C:\\Windows\\System32\\notepad.exe","CommandLine":null,"Signed":null,"SourceImage":"C:\\Windows\\System32\\wuauclt.exe","ImageLoaded":"C:\\Windows\\System32\\cryptbase.dll","TargetFilename":null,"SourceProcessGuid":null,"ProcessGuid":"{029f9482-bfb1-5f84-5100-000000000400}"},{"Channel":"Microsoft-Windows-Sysmon\/Operational","EventID":"8","Image":null,"CommandLine":null,"Signed":"true","SourceImage":"C:\\Windows\\System32\\wuauclt.exe","ImageLoaded":"C:\\Windows\\System32\\kernel32.dll","TargetFilename":null,"SourceProcessGuid":null,"ProcessGuid":null},{"Channel":"Microsoft-Windows-Sysmon\/Operational","EventID":"8","Image":null,"CommandLine":null,"Signed":null,"SourceImage":"C:\\Windows\\System32\\wuauclt.exe","ImageLoaded":"C:\\Program Files\\Windows Defender\\MpOAV.dll","TargetFilename":null,"SourceProcessGuid":null,"ProcessGuid":"{71b87c12-d9fe-5f84-1901-000000000500}"},{"Channel":"Microsoft-Windows-Sysmon\/Operational","EventID":"8","Image":null,"CommandLine":null,"Signed":null,"SourceImage":"C:\\Windows\\System32\\wuauclt.exe","ImageLoaded":null,"TargetFilename":null,"SourceProcessGuid":null,"ProcessGuid":"{71b87c12-d9fe-5f84-1a01-000000000500}"},{"Channel":"Microsoft-Windows-Sysmon\/Operational","EventID":"8","Image":"C:\\Windows\\System32\\cmd.exe","CommandLine":null,"Signed":null,"SourceImage":"C:\\Windows\\System32\\wuauclt.exe","ImageLoaded":"C:\\Windows\\System32\\powrprof.dll","TargetFilename":null,"SourceProcessGuid":null,"ProcessGuid":"{71b87c12-d259-5f84-4a00-000000000500}"},{"Channel":"Microsoft-Windows-Sysmon\/Operational","EventID":"8","Image":"C:\\Windows\\System32\\notepad.exe","CommandLine":null,"Signed":null,"SourceImage":"C:\\Windows\\System32\\wuauclt.exe","ImageLoaded":null,"TargetFilename":null,"SourceProcessGuid":null,"ProcessGuid":null},{"Channel":"Microsoft-Windows-Sysmon\/Operational","EventID":"8","Image":null,"CommandLine":null,"Signed":null,"SourceImage":"C:\\Windows\\System32\\wuauclt.exe","ImageLoaded":null,"TargetFilename":null,"SourceProcessGuid":null,"ProcessGuid":"{71b87c12-d9fe-5f84-1a01-000000000500}"},{"Channel":"Microsoft-Windows-Sysmon\/Operational","EventID":"8","Image":"C:\\Windows\\System32\\notepad.exe","CommandLine":null,"Signed":null,"SourceImage":"C:\\Windows\\System32\\wuauclt.exe","ImageLoaded":"C:\\Windows\\System32\\dpapi.dll","TargetFilename":null,"SourceProcessGuid":null,"ProcessGuid":"{71b87c12-d259-5f84-4a00-000000000500}"},{"Channel":"Microsoft-Windows-Sysmon\/Operational","EventID":"8","Image":null,"CommandLine":null,"Signed":null,"SourceImage":"C:\\Windows\\System32\\wuauclt.exe","ImageLoaded":null,"TargetFilename":null,"SourceProcessGuid":null,"ProcessGuid":"{71b87c12-d9fe-5f84-1a01-000000000500}"},{"Channel":"Microsoft-Windows-Sysmon\/Operational","EventID":"8","Image":"C:\\Windows\\System32\\lsass.exe","CommandLine":null,"Signed":"true","SourceImage":"C:\\Windows\\System32\\wuauclt.exe","ImageLoaded":null,"TargetFilename":null,"SourceProcessGuid":null,"ProcessGuid":null},{"Channel":"Microsoft-Windows-Sysmon\/Operational","EventID":"8","Image":"C:\\Windows\\System32\\lsass.exe","CommandLine":null,"Signed":null,"SourceImage":"C:\\Windows\\System32\\wuauclt.exe","ImageLoaded":"C:\\Windows\\System32\\cryptsp.dll","TargetFilename":null,"SourceProcessGuid":null,"ProcessGuid":null},{"Channel":"Microsoft-Windows-Sysmon\/Operational","EventID":"8","Image":"C:\\Windows\\System32\\svchost.exe","CommandLine":null,"Signed":null,"SourceImage":"C:\\Windows\\System32\\wuauclt.exe","ImageLoaded":null,"TargetFilename":"C:\\Windows\\Temp\\Azure_AZNetCapture_GuestPacketCapture_Session_Cache\\I_B01652D9-5119-4CCE-BF79-E1449D2C04D9\\921BB46C-951C-456D-AD39-A9B88CABBFE1.cap","SourceProcessGuid":null,"ProcessGuid":"{029f9482-bfb1-5f84-5100-000000000400}"},{"Channel":"Microsoft-Windows-Sysmon\/Operational","EventID":"8","Image":null,"CommandLine":null,"Signed":null,"SourceImage":"C:\\Windows\\System32\\wuauclt.exe","ImageLoaded":null,"TargetFilename":null,"SourceProcessGuid":null,"ProcessGuid":"{029f9482-bfb1-5f84-5100-000000000400}"},{"Channel":"Microsoft-Windows-Sysmon\/Operational","EventID":"8","Image":"C:\\Windows\\System32\\notepad.exe","CommandLine":null,"Signed":null,"SourceImage":"C:\\Windows\\System32\\wuauclt.exe","ImageLoaded":"C:\\Windows\\System32\\ucrtbase_clr0400.dll","TargetFilename":null,"SourceProcessGuid":null,"ProcessGuid":"{71b87c12-d259-5f84-4a00-000000000500}"},{"Channel":"Microsoft-Windows-Sysmon\/Operational","EventID":"8","Image":"C:\\Windows\\ADWS\\Microsoft.ActiveDirectory.WebServices.exe","CommandLine":null,"Signed":null,"SourceImage":"C:\\Windows\\System32\\wuauclt.exe","ImageLoaded":null,"TargetFilename":null,"SourceProcessGuid":null,"ProcessGuid":"{71b87c12-d255-5f84-0c00-000000000500}"},{"Channel":"Microsoft-Windows-Sysmon\/Operational","EventID":"8","Image":"C:\\Windows\\System32\\conhost.exe","CommandLine":null,"Signed":null,"SourceImage":"C:\\Windows\\System32\\wuauclt.exe","ImageLoaded":null,"TargetFilename":null,"SourceProcessGuid":null,"ProcessGuid":"{71b87c12-d9fe-5f84-1a01-000000000500}"},{"Channel":"Microsoft-Windows-Sysmon\/Operational","EventID":"8","Image":null,"CommandLine":null,"Signed":null,"SourceImage":"C:\\Windows\\System32\\wuauclt.exe","ImageLoaded":"C:\\Windows\\System32\\mscoree.dll","TargetFilename":null,"SourceProcessGuid":null,"ProcessGuid":"{71b87c12-d7e5-5f84-0d01-000000000500}"},{"Channel":"Microsoft-Windows-Sysmon\/Operational","EventID":"8","Image":"C:\\windows\\system32\\DFSRs.exe","CommandLine":null,"Signed":null,"SourceImage":"C:\\Windows\\System32\\wuauclt.exe","ImageLoaded":"C:\\Program Files\\Windows Defender\\MpOAV.dll","TargetFilename":null,"SourceProcessGuid":null,"ProcessGuid":null},{"Channel":"Microsoft-Windows-Sysmon\/Operational","EventID":"8","Image":"System","CommandLine":null,"Signed":"true","SourceImage":"C:\\Windows\\System32\\wuauclt.exe","ImageLoaded":null,"TargetFilename":null,"SourceProcessGuid":null,"ProcessGuid":"{71b87c12-d96c-5f84-1601-000000000500}"},{"Channel":"Microsoft-Windows-Sysmon\/Operational","EventID":"8","Image":null,"CommandLine":"\\??\\C:\\windows\\system32\\conhost.exe 0xffffffff -ForceV1","Signed":null,"SourceImage":"C:\\Windows\\System32\\wuauclt.exe","ImageLoaded":null,"TargetFilename":null,"SourceProcessGuid":null,"ProcessGuid":"{71b87c12-d96c-5f84-1601-000000000500}"},{"Channel":"Microsoft-Windows-Sysmon\/Operational","EventID":"8","Image":"C:\\Windows\\System32\\notepad.exe","CommandLine":null,"Signed":null,"SourceImage":"C:\\Windows\\System32\\wuauclt.exe","ImageLoaded":null,"TargetFilename":null,"SourceProcessGuid":null,"ProcessGuid":"{71b87c12-d9fe-5f84-1701-000000000500}"},{"Channel":"Microsoft-Windows-Sysmon\/Operational","EventID":"8","Image":"C:\\Windows\\System32\\dns.exe","CommandLine":null,"Signed":null,"SourceImage":"C:\\Windows\\System32\\wuauclt.exe","ImageLoaded":"C:\\Windows\\assembly\\NativeImages_v4.0.30319_64\\mscorlib\\8b0445ce5a447ad49f5d2104153ddbd4\\mscorlib.ni.dll","TargetFilename":null,"SourceProcessGuid":null,"ProcessGuid":"{71b87c12-d9fe-5f84-1901-000000000500}"},{"Channel":"Microsoft-Windows-Sysmon\/Operational","EventID":"8","Image":"C:\\Windows\\System32\\notepad.exe","CommandLine":null,"Signed":null,"SourceImage":"C:\\Windows\\System32\\wuauclt.exe","ImageLoaded":null,"TargetFilename":null,"SourceProcessGuid":null,"ProcessGuid":"{71b87c12-d7e5-5f84-0d01-000000000500}"},{"Channel":"Microsoft-Windows-Sysmon\/Operational","EventID":"8","Image":"C:\\Windows\\System32\\notepad.exe","CommandLine":null,"Signed":"false","SourceImage":"C:\\Windows\\System32\\wuauclt.exe","ImageLoaded":null,"TargetFilename":null,"SourceProcessGuid":null,"ProcessGuid":null},{"Channel":"Microsoft-Windows-Sysmon\/Operational","EventID":"8","Image":"C:\\Windows\\System32\\notepad.exe","CommandLine":null,"Signed":"true","SourceImage":"C:\\Windows\\System32\\wuauclt.exe","ImageLoaded":null,"TargetFilename":null,"SourceProcessGuid":null,"ProcessGuid":"{71b87c12-d247-5f84-0100-000000000500}"},{"Channel":"Microsoft-Windows-Sysmon\/Operational","EventID":"8","Image":"System","CommandLine":null,"Signed":null,"SourceImage":"C:\\Windows\\System32\\wuauclt.exe","ImageLoaded":null,"TargetFilename":null,"SourceProcessGuid":null,"ProcessGuid":"{71b87c12-d9fe-5f84-1801-000000000500}"},{"Channel":"Microsoft-Windows-Sysmon\/Operational","EventID":"8","Image":null,"CommandLine":null,"Signed":null,"SourceImage":"C:\\Windows\\System32\\wuauclt.exe","ImageLoaded":null,"TargetFilename":null,"SourceProcessGuid":null,"ProcessGuid":"{37c5a1b2-c0cb-5f84-1e00-000000000400}"},{"Channel":"Microsoft-Windows-Sysmon\/Operational","EventID":"8","Image":"C:\\Windows\\System32\\wuauclt.exe","CommandLine":null,"Signed":"true","SourceImage":"C:\\Windows\\System32\\wuauclt.exe","ImageLoaded":null,"TargetFilename":null,"SourceProcessGuid":null,"ProcessGuid":"{029f9482-bfa4-5f84-2300-000000000400}"},{"Channel":"Microsoft-Windows-Sysmon\/Operational","EventID":"8","Image":null,"CommandLine":null,"Signed":"true","SourceImage":"C:\\Windows\\System32\\wuauclt.exe","ImageLoaded":null,"TargetFilename":null,"SourceProcessGuid":null,"ProcessGuid":"{71b87c12-d96c-5f84-1601-000000000500}"},{"Channel":"Microsoft-Windows-Sysmon\/Operational","EventID":"8","Image":null,"CommandLine":null,"Signed":null,"SourceImage":"C:\\Windows\\System32\\wuauclt.exe","ImageLoaded":"C:\\Windows\\System32\\user32.dll","TargetFilename":null,"SourceProcessGuid":null,"ProcessGuid":null},{"Channel":"Microsoft-Windows-Sysmon\/Operational","EventID":"8","Image":"C:\\windows\\ADWS\\Microsoft.ActiveDirectory.WebServices.exe","CommandLine":null,"Signed":null,"SourceImage":"C:\\Windows\\System32\\wuauclt.exe","ImageLoaded":null,"TargetFilename":"C:\\ProgramData\\SimpleInjection.dll","SourceProcessGuid":null,"ProcessGuid":"{71b87c12-d96c-5f84-1601-000000000500}"},{"Channel":"Microsoft-Windows-Sysmon\/Operational","EventID":"8","Image":null,"CommandLine":null,"Signed":null,"SourceImage":"C:\\Windows\\System32\\wuauclt.exe","ImageLoaded":null,"TargetFilename":null,"SourceProcessGuid":null,"ProcessGuid":"{71b87c12-d9fe-5f84-1801-000000000500}"},{"Channel":"Microsoft-Windows-Sysmon\/Operational","EventID":"8","Image":"C:\\Windows\\ADWS\\Microsoft.ActiveDirectory.WebServices.exe","CommandLine":null,"Signed":null,"SourceImage":"C:\\Windows\\System32\\wuauclt.exe","ImageLoaded":"C:\\Windows\\System32\\perfos.dll","TargetFilename":null,"SourceProcessGuid":null,"ProcessGuid":"{71b87c12-d9fe-5f84-1a01-000000000500}"},{"Channel":"Microsoft-Windows-Sysmon\/Operational","EventID":"8","Image":null,"CommandLine":null,"Signed":null,"SourceImage":"C:\\Windows\\System32\\wuauclt.exe","ImageLoaded":"C:\\Windows\\System32\\gdi32.dll","TargetFilename":null,"SourceProcessGuid":null,"ProcessGuid":"{37c5a1b2-c0cb-5f84-1f00-000000000400}"},{"Channel":"Microsoft-Windows-Sysmon\/Operational","EventID":"8","Image":null,"CommandLine":"\\??\\C:\\windows\\system32\\conhost.exe 0xffffffff -ForceV1","Signed":null,"SourceImage":"C:\\Windows\\System32\\wuauclt.exe","ImageLoaded":null,"TargetFilename":null,"SourceProcessGuid":null,"ProcessGuid":"{71b87c12-d96c-5f84-1601-000000000500}"},{"Channel":"Microsoft-Windows-Sysmon\/Operational","EventID":"8","Image":"C:\\Windows\\System32\\notepad.exe","CommandLine":null,"Signed":null,"SourceImage":"C:\\Windows\\System32\\wuauclt.exe","ImageLoaded":null,"TargetFilename":"C:\\Windows\\Temp\\Azure_AZNetCapture_GuestPacketCapture_Session_Cache\\I_B01652D9-5119-4CCE-BF79-E1449D2C04D9\\921BB46C-951C-456D-AD39-A9B88CABBFE1.cap","SourceProcessGuid":null,"ProcessGuid":"{71b87c12-d257-5f84-3100-000000000500}"},{"Channel":"Microsoft-Windows-Sysmon\/Operational","EventID":"8","Image":"C:\\windows\\System32\\svchost.exe","CommandLine":null,"Signed":null,"SourceImage":"C:\\Windows\\System32\\wuauclt.exe","ImageLoaded":"C:\\Windows\\System32\\msasn1.dll","TargetFilename":null,"SourceProcessGuid":null,"ProcessGuid":"{71b87c12-d257-5f84-1d00-000000000500}"},{"Channel":"Microsoft-Windows-Sysmon\/Operational","EventID":"8","Image":"C:\\windows\\system32\\svchost.exe","CommandLine":null,"Signed":"true","SourceImage":"C:\\Windows\\System32\\wuauclt.exe","ImageLoaded":null,"TargetFilename":null,"SourceProcessGuid":null,"ProcessGuid":"{71b87c12-d9fe-5f84-1701-000000000500}"},{"Channel":"Microsoft-Windows-Sysmon\/Operational","EventID":"8","Image":"System","CommandLine":null,"Signed":null,"SourceImage":"C:\\Windows\\System32\\wuauclt.exe","ImageLoaded":"C:\\Windows\\System32\\perfctrs.dll","TargetFilename":null,"SourceProcessGuid":null,"ProcessGuid":"{71b87c12-d9fe-5f84-1a01-000000000500}"},{"Channel":"Microsoft-Windows-Sysmon\/Operational","EventID":"8","Image":"C:\\windows\\system32\\DFSRs.exe","CommandLine":null,"Signed":null,"SourceImage":"C:\\Windows\\System32\\wuauclt.exe","ImageLoaded":null,"TargetFilename":null,"SourceProcessGuid":null,"ProcessGuid":"{71b87c12-d9fe-5f84-1a01-000000000500}"},{"Channel":"Microsoft-Windows-Sysmon\/Operational","EventID":"8","Image":"C:\\windows\\system32\\DFSRs.exe","CommandLine":null,"Signed":null,"SourceImage":"C:\\Windows\\System32\\wuauclt.exe","ImageLoaded":null,"TargetFilename":null,"SourceProcessGuid":null,"ProcessGuid":"{71b87c12-d96c-5f84-1601-000000000500}"},{"Channel":"Microsoft-Windows-Sysmon\/Operational","EventID":"8","Image":"C:\\Windows\\System32\\svchost.exe","CommandLine":null,"Signed":null,"SourceImage":"C:\\Windows\\System32\\wuauclt.exe","ImageLoaded":null,"TargetFilename":null,"SourceProcessGuid":null,"ProcessGuid":null},{"Channel":"Microsoft-Windows-Sysmon\/Operational","EventID":"8","Image":"C:\\windows\\System32\\svchost.exe","CommandLine":null,"Signed":null,"SourceImage":"C:\\Windows\\System32\\wuauclt.exe","ImageLoaded":null,"TargetFilename":null,"SourceProcessGuid":null,"ProcessGuid":"{71b87c12-d259-5f84-4a00-000000000500}"},{"Channel":"Microsoft-Windows-Sysmon\/Operational","EventID":"8","Image":null,"CommandLine":"\\??\\C:\\windows\\system32\\conhost.exe 0xffffffff -ForceV1","Signed":null,"SourceImage":"C:\\Windows\\System32\\wuauclt.exe","ImageLoaded":"C:\\Windows\\System32\\WinTypes.dll","TargetFilename":null,"SourceProcessGuid":null,"ProcessGuid":"{029f9482-bfb1-5f84-5100-000000000400}"},{"Channel":"Microsoft-Windows-Sysmon\/Operational","EventID":"8","Image":"C:\\Windows\\System32\\wuauclt.exe","CommandLine":null,"Signed":"true","SourceImage":"C:\\Windows\\System32\\wuauclt.exe","ImageLoaded":"C:\\Windows\\System32\\powrprof.dll","TargetFilename":null,"SourceProcessGuid":null,"ProcessGuid":"{71b87c12-d9fe-5f84-1a01-000000000500}"},{"Channel":"Microsoft-Windows-Sysmon\/Operational","EventID":"8","Image":"C:\\windows\\system32\\lsass.exe","CommandLine":null,"Signed":null,"SourceImage":"C:\\Windows\\System32\\wuauclt.exe","ImageLoaded":null,"TargetFilename":null,"SourceProcessGuid":null,"ProcessGuid":"{71b87c12-d9fe-5f84-1a01-000000000500}"},{"Channel":"Microsoft-Windows-Sysmon\/Operational","EventID":"8","Image":"C:\\Windows\\System32\\conhost.exe","CommandLine":null,"Signed":null,"SourceImage":"C:\\Windows\\System32\\wuauclt.exe","ImageLoaded":null,"TargetFilename":null,"SourceProcessGuid":null,"ProcessGuid":"{029f9482-c16a-5f84-eb00-000000000400}"},{"Channel":"Microsoft-Windows-Sysmon\/Operational","EventID":"8","Image":"C:\\Windows\\System32\\notepad.exe","CommandLine":null,"Signed":null,"SourceImage":"C:\\Windows\\System32\\wuauclt.exe","ImageLoaded":"C:\\Windows\\assembly\\NativeImages_v4.0.30319_64\\mscorlib\\8b0445ce5a447ad49f5d2104153ddbd4\\mscorlib.ni.dll","TargetFilename":null,"SourceProcessGuid":null,"ProcessGuid":"{029f9482-bfb1-5f84-5100-000000000400}"},{"Channel":"Microsoft-Windows-Sysmon\/Operational","EventID":"8","Image":"C:\\windows\\System32\\svchost.exe","CommandLine":null,"Signed":null,"SourceImage":"C:\\Windows\\System32\\wuauclt.exe","ImageLoaded":"C:\\Windows\\System32\\sechost.dll","TargetFilename":null,"SourceProcessGuid":null,"ProcessGuid":null},{"Channel":"Microsoft-Windows-Sysmon\/Operational","EventID":"8","Image":"C:\\windows\\system32\\svchost.exe","CommandLine":null,"Signed":null,"SourceImage":"C:\\Windows\\System32\\wuauclt.exe","ImageLoaded":null,"TargetFilename":null,"SourceProcessGuid":null,"ProcessGuid":"{71b87c12-d257-5f84-3100-000000000500}"},{"Channel":"Microsoft-Windows-Sysmon\/Operational","EventID":"8","Image":"C:\\windows\\System32\\svchost.exe","CommandLine":null,"Signed":null,"SourceImage":"C:\\Windows\\System32\\wuauclt.exe","ImageLoaded":null,"TargetFilename":null,"SourceProcessGuid":null,"ProcessGuid":"{029f9482-bfa4-5f84-2300-000000000400}"},{"Channel":"Microsoft-Windows-Sysmon\/Operational","EventID":"8","Image":"C:\\windows\\system32\\DFSRs.exe","CommandLine":null,"Signed":null,"SourceImage":"C:\\Windows\\System32\\wuauclt.exe","ImageLoaded":"C:\\Windows\\System32\\IPHLPAPI.DLL","TargetFilename":null,"SourceProcessGuid":null,"ProcessGuid":"{71b87c12-d9fe-5f84-1701-000000000500}"},{"Channel":"Microsoft-Windows-Sysmon\/Operational","EventID":"7","Image":"C:\\Windows\\System32\\wuauclt.exe","CommandLine":null,"Signed":null,"SourceImage":null,"ImageLoaded":"C:\\ProgramData\\SimpleInjection.dll","TargetFilename":null,"SourceProcessGuid":null,"ProcessGuid":"{71b87c12-d258-5f84-3f00-000000000500}"},{"Channel":"Microsoft-Windows-Sysmon\/Operational","EventID":"7","Image":"C:\\Windows\\System32\\wuauclt.exe","CommandLine":null,"Signed":null,"SourceImage":null,"ImageLoaded":"C:\\ProgramData\\SimpleInjection.dll","TargetFilename":null,"SourceProcessGuid":null,"ProcessGuid":"{71b87c12-d259-5f84-5600-000000000500}"},{"Channel":"Microsoft-Windows-Sysmon\/Operational","EventID":"7","Image":"C:\\Windows\\System32\\wuauclt.exe","CommandLine":null,"Signed":null,"SourceImage":null,"ImageLoaded":"C:\\ProgramData\\SimpleInjection.dll","TargetFilename":null,"SourceProcessGuid":null,"ProcessGuid":"{71b87c12-d9fe-5f84-1a01-000000000500}"},{"Channel":"Microsoft-Windows-Sysmon\/Operational","EventID":"7","Image":"C:\\Windows\\System32\\wuauclt.exe","CommandLine":null,"Signed":null,"SourceImage":null,"ImageLoaded":"C:\\ProgramData\\SimpleInjection.dll","TargetFilename":null,"SourceProcessGuid":null,"ProcessGuid":"{71b87c12-d96c-5f84-1601-000000000500}"},{"Channel":"Microsoft-Windows-Sysmon\/Operational","EventID":"7","Image":"C:\\Windows\\System32\\wuauclt.exe","CommandLine":null,"Signed":null,"SourceImage":null,"ImageLoaded":"C:\\ProgramData\\SimpleInjection.dll","TargetFilename":null,"SourceProcessGuid":null,"ProcessGuid":"{71b87c12-d259-5f84-4b00-000000000500}"},{"Channel":"Microsoft-Windows-Sysmon\/Operational","EventID":"7","Image":"C:\\Windows\\System32\\wuauclt.exe","CommandLine":null,"Signed":"true","SourceImage":null,"ImageLoaded":"C:\\ProgramData\\SimpleInjection.dll","TargetFilename":null,"SourceProcessGuid":null,"ProcessGuid":"{71b87c12-d9fe-5f84-1a01-000000000500}"},{"Channel":"Microsoft-Windows-Sysmon\/Operational","EventID":"7","Image":"C:\\Windows\\System32\\wuauclt.exe","CommandLine":"\"cmd.exe\" \/c C:\\Windows\\System32\\wuauclt.exe \/UpdateDeploymentProvider C:\\ProgramData\\SimpleInjection.dll \/RunHandlerComServer","Signed":null,"SourceImage":null,"ImageLoaded":"C:\\ProgramData\\SimpleInjection.dll","TargetFilename":null,"SourceProcessGuid":null,"ProcessGuid":"{029f9482-bfa2-5f84-0f00-000000000400}"},{"Channel":"Microsoft-Windows-Sysmon\/Operational","EventID":"7","Image":"C:\\Windows\\System32\\wuauclt.exe","CommandLine":null,"Signed":"true","SourceImage":null,"ImageLoaded":"C:\\ProgramData\\SimpleInjection.dll","TargetFilename":null,"SourceProcessGuid":null,"ProcessGuid":"{71b87c12-d9fe-5f84-1a01-000000000500}"}]